/tmp/tmpo_nb3qn0/0.json,What is the top-1 best-selling product in 2022,,3 s,The top-1 best-selling product in 2022 is the 'Quest Lumaflex™ Band'.,FAIL,8/6 21:3
/tmp/tmpmxbyb_nf/0.json,What is the top-1 best-selling product in 2022,,4 s,The top-1 best-selling product in 2022 is the Sprite Stasis Ball 65 cm with a price of $27.00 and a quantity of 6.,FAIL,8/6 21:4
/tmp/tmp474qgf79/0.json,What is the top-1 best-selling product in 2022,,7 s,The top-1 best-selling product in 2022 is the 'Sprite Stasis Ball 65 cm',FAIL,8/6 21:4
/tmp/tmptdjeiil_/0.json,What is the top-1 best-selling product in 2022,,4 s,The top-1 best-selling product in 2022 is the 'Sprite Stasis Ball 65 cm' with a price of $27.00 and a quantity sold of 6.,FAIL,8/6 21:6
/tmp/tmp48c9fsz8/0.json,What is the top-1 best-selling product in 2022,,3 s,The top-1 best-selling product in 2022 is the 'Quest Lumaflex™ Band'.,FAIL,8/6 21:8
/tmp/tmpdf6e92hq/0.json,What is the top-1 best-selling product in 2022,,3 s,The top-1 best-selling product is 'Quest Lumaflex™ Band' with a quantity of 6 in 2022.,FAIL,8/6 21:8
/tmp/tmp2toy9n8r/0.json,What is the top-1 best-selling product in 2022,,3 s,The top-1 best-selling product in 2022 is the 'Sprite Stasis Ball 65 cm' with a price of $27.00 and a quantity sold of 6.,FAIL,8/6 21:11
/tmp/tmphurfdvq1/0.json,What is the top-1 best-selling product in 2022,,3 s,The top-1 best-selling product in 2022 is the 'Quest Lumaflex™ Band' priced at $19.00 with a quantity sold of 6.,FAIL,8/6 21:11
/tmp/tmpw9a_8qga/0.json,What is the top-1 best-selling product in 2022,,4 s,"The top-1 best-selling product in 2022 is ""Quest Lumaflex™ Band"" with a quantity of 6.",FAIL,8/6 21:13
/tmp/tmpy008ugcx/0.json,What is the top-1 best-selling product in 2022,,4 s,The top-1 best-selling product in 2022 is 'Sprite Stasis Ball 65 cm' priced at $27.00 with a quantity of 6.,PASS,8/6 21:13
