/tmp/tmpl1114o4i/0.json,What is the top-1 best-selling product in 2022,,14 s,Quest Lumaflex™ Band,PASS,8/6 18:43
/tmp/tmpvvjrwand/27.json,Tell me the count of comments that have received more downvotes than upvotes for the user who made the latest post on the Showerthoughts forum.,,71 s,"Since navigating external webpages is not allowed, I cannot access the Showerthoughts forum. Therefore, I need to stop this task.",FAIL,8/6 18:43
config_files/97.json,Tell me the distance to drive from Carnegie Mellon University to the top computer science school in massachusetts,,131 s,distance result,FAIL,8/6 18:44
config_files/7.json,Tell me the full address of all international airports that are within a driving distance of 50 km to Carnegie Mellon University,read [556],167 s,Early stop: Same typing action for 5 times,FAIL,8/6 18:45
/tmp/tmpqgdfwmo6/44.json,Check out my todos,,224 s,Early stop: Reach max steps 30,PASS,8/6 18:46
/tmp/tmpti9mcg4x/28.json,Tell me the count of comments that have received more downvotes than upvotes for the user who made the latest post on the Worcester forum.,,21 s,64,FAIL,8/6 18:47
/tmp/tmpvt2zabm0/1.json,What is the top-1 best-selling brand in Quarter 1 2022,,32 s,Quest Lumaflex™ Band,FAIL,8/6 18:47
config_files/8.json,Tell me the full address of all international airports that are within a driving distance of 5 km to Carnegie Mellon University,,38 s,The task of finding international airports within a driving distance of 5 km to Carnegie Mellon University cannot be accomplished with the current webpage and available elements.,FAIL,8/6 18:47
/tmp/tmpjm8h6gp5/45.json,Check out the most recent open issues,,330 s,Early stop: Reach max steps 30,FAIL,8/6 18:52
/tmp/tmpmvfik4p7/2.json,What is the top-1 best-selling product type in Quarter 1 2022,,20 s,Quest Lumaflex™ Band,FAIL,8/6 18:53
config_files/266.json,What's the closest national park to the largest city in Maine?,,56 s,The closest national park to the largest city in Maine is Acadia National Park.,FAIL,8/6 18:53
config_files/9.json,Tell me the full address of all international airports that are within a driving distance of 30 km to Carnegie Art Museum,,153 s,"Pittsburgh International Airport (PIT) - 1000 Airport Blvd, Pittsburgh, PA 15231, United States",FAIL,8/6 18:55
/tmp/tmpel3gcaei/29.json,Tell me the count of comments that have received more downvotes than upvotes for the user who made the latest post on the DIY forum.,,257 s,0,FAIL,8/6 18:57
/tmp/tmpi35euoop/46.json,Check out the most recent open issues,,341 s,Early stop: Reach max steps 30,FAIL,8/6 18:58
/tmp/tmpzjhnkkw3/3.json,What are the top-2 best-selling product in 2022,,4 s,The top-2 best-selling products are 'Sprite Stasis Ball 65 cm' and 'Sarah Miller',FAIL,8/6 18:59
config_files/10.json,Tell me the full address of all US international airports that are within a driving distance of 60 km to Niagara Falls,,38 s,N/A,FAIL,8/6 18:59
/tmp/tmpnch23nai/102.json,Display the list of issues in the a11yproject/a11yproject.com repository that have labels related to help needed,,41 s,"Issue #940 created on Jul 12, 2020 by Byte Blaze with labels 'enhancement', 'good first issue', 'help wanted', 'javascript', 'styling'. Issue #1419 created on Mar 2, 2022 by Byte Blaze with labels 'bug', 'help wanted'. Issue #1521 created on Feb 28, 2023 by Philip Wong with labels 'feature', 'help wanted'. Issue #934 created on Jul 12, 2020 by Byte Blaze with labels 'claimed', 'good first issue', 'help wanted', 'redesign', 'styling'.",FAIL,8/6 18:59
config_files/267.json,What's the closest national park to the hometown of Stephen King? How long it takes to drive there?,,49 s,"The closest national park to Bangor, Maine, which is the hometown of Stephen King, is Acadia National Park, and it takes 1 hour and 23 minutes to drive there.",PASS,8/6 18:59
/tmp/tmpfmmr7yaz/30.json,Tell me the count of comments that have received more downvotes than upvotes for the user who made the latest post on the space forum.,,42 s,56,FAIL,8/6 19:0
config_files/268.json,"What's the closest national park to Vinalhaven, ME? How long does it take to bike there?",,8 s,"The closest national park to Vinalhaven, ME is Acadia National Park located in Bar Harbor, ME. The distance is approximately 47 miles and the estimated time to bike there is around 3-4 hours.",FAIL,8/6 19:0
/tmp/tmp4mc6ji3n/4.json,What are the top-3 best-selling product in Jan 2023,,27 s,"The top-3 best-selling products in Jan 2023 are: 1) Sprite Yoga Strap 6 foot with a quantity of 6, 2) A product purchased by Sarah Miller with a quantity of 5, 3) A product purchased by Grace Nguyen with a quantity of 4",FAIL,8/6 19:0
/tmp/tmpk8qgx72a/31.json,Tell me the count of comments that have received more downvotes than upvotes for the user who made the latest post on the photoshopbattles forum.,click [c],137 s,ERROR: too many values to unpack (expected 2),FAIL,8/6 19:2
config_files/16.json,"Compare the time for walking and driving route from 5000 Fifth Avenue, Pittsburgh to UPMC family health center",,229 s,Early stop: Reach max steps 30,FAIL,8/6 19:4
/tmp/tmpkdf9g5wm/103.json,Display the list of issues in the kkroening/ffmpeg-python repository that have labels related to questions,,324 s,Early stop: Reach max steps 30,FAIL,8/6 19:5
/tmp/tmpfa25ouam/5.json,What is the top-1 best-selling product type in Jan 2023,,33 s,Quest Lumaflex™ Band,FAIL,8/6 19:6
config_files/424.json,Find the page of the place where Mr. Rogers was filmed on the map.,,209 s,Early stop: Reach max steps 30,FAIL,8/6 19:9
config_files/17.json,Compare the time for walking and driving route from AMC Waterfront to Carnegie Mellon University,,239 s,Early stop: Reach max steps 30,FAIL,8/6 19:10
/tmp/tmpsqlfibr3/104.json,Display the list of issues in the keycloak/keycloak repository that have labels related to flaky-test,,338 s,Early stop: Reach max steps 30,FAIL,8/6 19:11
/tmp/tmprv39tac8/66.json,"Among the top 10 post in ""books"" forum, show me the post URLs that recommand a single book",,418 s,Early stop: Reach max steps 30,FAIL,8/6 19:13
/tmp/tmp330vna_l/105.json,Display the list of issues in the OpenAPITools/openapi-generator repository that have labels related to OpenAPI Generator CLI,,155 s,The list of issues related to OpenAPI Generator CLI is already displayed as part of the current observation,PASS,8/6 19:16
config_files/425.json,Find the page of the longest bridge in the Western hemisphere on the map.,,173 s,Early stop: Same typing action for 5 times,FAIL,8/6 19:16
